Name,Value,Server,Capability,Ignore
ETest1,0,CTestEtelServer,_None,
ETest2,1,CTestEtelServer,_None,
ETest3,2,CTestEtelServer,_None,
ETest4,3,CTestEtelServer,_None,
ETest5,4,CTestEtelServer,_None,
ETest6,5,CTestEtelServer,_None,
ETest7,6,CTestEtelServer,_None,
ETest8,7,CTestEtelServer,_None,
ETest9,8,CTestEtelServer,_None,
ETest10,9,CTestEtelServer,_None,
ETest11,10,CTestEtelServer,_None,
ETest12,11,CTestEtelServer,_None,
ETest13,12,CTestEtelServer,_None,
ETest14,13,CTestEtelServer,_None,
ETest15,14,CTestEtelServer,_None,
ETest16,15,CTestEtelServer,_None
ETest17,16,CTestEtelServer,_None
ETest18,17,CTestEtelServer,_None
ETest19,18,CTestEtelServer,_None
ETest20,19,CTestEtelServer,_None
ETest21,20,CTestEtelServer,_None
ETest22,21,CTestEtelServer,_None
ETest23,22,CTestEtelServer,_None
ETest24,23,CTestEtelServer,_None
ETest25,24,CTestEtelServer,_None
ETest26,25,CTestEtelServer,_None
ETest27,26,CTestEtelServer,_None
ETest28,27,CTestEtelServer,_None
ETest29,28,CTestEtelServer,_None
ETest30,29,CTestEtelServer,_None
ETest31,30,CTestEtelServer,_None
ETest32,31,CTestEtelServer,_None
ETest33,32,CTestEtelServer,_None
ETest34,33,CTestEtelServer,_None
ETest35,34,CTestEtelServer,_None
ETest36,35,CTestEtelServer,_None
ETest37,36,CTestEtelServer,_None
ETest38,37,CTestEtelServer,_None
ETest39,38,CTestEtelServer,_None
ETest40,39,CTestEtelServer,_None
ETest41,40,CTestEtelServer,_None
ETest42,41,CTestEtelServer,_None
ETest43,42,CTestEtelServer,_None
ETest44,43,CTestEtelServer,_None
ETest45,44,CTestEtelServer,_None
ETest46,45,CTestEtelServer,_None
ETest47,46,CTestEtelServer,_None
ETest48,47,CTestEtelServer,_None
ETest49,48,CTestEtelServer,_None
ETest50,49,CTestEtelServer,_None
ETest51,50,CTestEtelServer,_None
ETest52,51,CTestEtelServer,_None
ETest53,52,CTestEtelServer,_None
ETest54,53,CTestEtelServer,_None
ETest55,54,CTestEtelServer,_None
ETest56,55,CTestEtelServer,_None
ETest57,56,CTestEtelServer,_None
ETest58,57,CTestEtelServer,_None
ETest59,58,CTestEtelServer,_None
ETest60,59,CTestEtelServer,_None
ETest61,60,CTestEtelServer,_None
ETest62,61,CTestEtelServer,_None
ETest63,62,CTestEtelServer,NetworkServices
ETest64,63,CTestEtelServer,NetworkServices ,
ETest65,64,CTestEtelServer,NetworkServices ,
ETest66,65,CTestEtelServer,NetworkServices,
ETest67,66,CTestEtelServer,NetworkServices ,
ETest68,67,CTestEtelServer,NetworkServices ,
ETest69,68,CTestEtelServer,NetworkServices ,
ETest70,69,CTestEtelServer,NetworkServices ,
ETest71,70,CTestEtelServer,NetworkServices ,
ETest72,71,CTestEtelServer,_None,
ETest73,72,CTestEtelServer,_None,
ETest74,73,CTestEtelServer,WriteDeviceData,
ETest75,74,CTestEtelServer,NetworkControl,
ETest76,75,CTestEtelServer,_None,
ETest77,76,CTestEtelServer,_None,
ETest78,77,CTestEtelServer,_None,This test is ignored as it uses a custom check
ETest79,78,CTestEtelServer,NetworkControl NetworkServices ,
ETest80,79,CTestEtelServer,NetworkControl NetworkServices ,
ETest81,80,CTestEtelServer,NetworkControl NetworkServices ,
ETest82,81,CTestEtelServer,NetworkControl NetworkServices ,
ETest83,82,CTestEtelServer,NetworkServices NetworkControl,
ETest84,83,CTestEtelServer,NetworkServices NetworkControl,
ETest85,84,CTestEtelServer,NetworkServices NetworkControl,
ETest86,85,CTestEtelServer,NetworkServices ReadUserData,
ETest87,86,CTestEtelServer,NetworkServices WriteUserData,
ETest88,87,CTestEtelServer,_None,
ETest89,88,CTestEtelServer,WriteDeviceData,
ETest90,89,CTestEtelServer,_None,This test is ignored as it uses a custom check
ETest91,90,CTestEtelServer,_None,This test is ignored as it uses a custom check
ETest92,91,CTestEtelServer,_None,This test is ignored as it uses a custom check
ETest93,506,CTestEtelServer,_None,
ETest94,508,CTestEtelServer,_None,
ETest95,510,CTestEtelServer,NetworkServices NetworkControl,
ETest96,520,CTestEtelServer,_None
ETest97,522,CTestEtelServer,_None
ETest98,524,CTestEtelServer,_None
ETest99,533,CTestEtelServer,_None
ETest100,540,CTestEtelServer,_None
ETest101,542,CTestEtelServer,_None
ETest102,544,CTestEtelServer,_None
ETest103,551,CTestEtelServer,_None
ETest104,563,CTestEtelServer,NetworkServices
ETest105,565,CTestEtelServer,NetworkServices
ETest106,567,CTestEtelServer,NetworkServices
ETest107,571,CTestEtelServer,NetworkServices
ETest108,575,CTestEtelServer,_None
ETest109,578,CTestEtelServer,NetworkControl NetworkServices
ETest110,580,CTestEtelServer,NetworkControl NetworkServices
ETest111,582,CTestEtelServer,_None
ETest112,585,CTestEtelServer,NetworkServices ReadUserData,
ETest113,586,CTestEtelServer,NetworkServices WriteUserData,
ETest114,591,CTestEtelServer,_None,This test is ignored as it uses a custom check
ETest115,20000,CTestEtelServer,_None,
ETest116,20001,CTestEtelServer,_None,
ETest117,20002,CTestEtelServer,_None,
ETest118,20003,CTestEtelServer,_None,
ETest119,20004,CTestEtelServer,_None,
ETest120,20005,CTestEtelServer,_None,
ETest121,20006,CTestEtelServer,_None,
ETest122,20007,CTestEtelServer,_None,
ETest123,20008,CTestEtelServer,_None,
ETest124,20009,CTestEtelServer,_None,
ETest125,20010,CTestEtelServer,_None,
ETest126,20011,CTestEtelServer,_None,
ETest127,20012,CTestEtelServer,_None,
ETest128,20013,CTestEtelServer,_None
ETest129,20014,CTestEtelServer,_None
ETest130,20015,CTestEtelServer,_None
ETest131,20016,CTestEtelServer,_None
ETest132,20017,CTestEtelServer,_None
ETest133,20018,CTestEtelServer,_None
ETest134,20019,CTestEtelServer,_None
ETest135,20020,CTestEtelServer,_None
ETest136,20021,CTestEtelServer,_None
ETest137,20022,CTestEtelServer,_None
ETest138,20023,CTestEtelServer,_None
ETest139,20024,CTestEtelServer,_None
ETest140,20025,CTestEtelServer,_None
ETest141,20026,CTestEtelServer,_None
ETest142,20027,CTestEtelServer,_None
ETest143,20028,CTestEtelServer,_None
ETest144,20029,CTestEtelServer,_None
ETest145,20030,CTestEtelServer,_None
ETest146,20031,CTestEtelServer,_None
ETest147,20032,CTestEtelServer,_None
ETest148,20033,CTestEtelServer,_None
ETest149,20034,CTestEtelServer,_None
ETest150,20035,CTestEtelServer,_None
ETest151,20036,CTestEtelServer,_None
ETest152,20037,CTestEtelServer,_None
ETest153,20038,CTestEtelServer,_None
ETest154,20039,CTestEtelServer,_None
ETest155,20040,CTestEtelServer,_None
ETest156,20041,CTestEtelServer,_None
ETest157,20042,CTestEtelServer,_None
ETest158,20043,CTestEtelServer,_None
ETest159,20044,CTestEtelServer,_None
ETest160,20045,CTestEtelServer,_None
ETest161,20046,CTestEtelServer,_None
ETest162,20047,CTestEtelServer,_None
ETest163,20048,CTestEtelServer,_None
ETest164,20049,CTestEtelServer,_None
ETest165,20050,CTestEtelServer,_None
ETest166,20051,CTestEtelServer,_None
ETest167,20052,CTestEtelServer,_None
ETest168,20053,CTestEtelServer,_None
ETest169,20054,CTestEtelServer,_None
ETest170,20055,CTestEtelServer,_None
ETest171,20056,CTestEtelServer,_None
ETest172,20057,CTestEtelServer,_None
ETest173,20058,CTestEtelServer,_None
ETest174,20059,CTestEtelServer,_None
ETest175,20060,CTestEtelServer,_None
ETest176,20061,CTestEtelServer,_None
ETest177,20062,CTestEtelServer,_None
ETest178,20063,CTestEtelServer,_None
ETest179,20064,CTestEtelServer,_None
ETest180,20065,CTestEtelServer,_None
ETest181,20066,CTestEtelServer,_None
ETest182,20067,CTestEtelServer,_None
ETest183,20068,CTestEtelServer,_None
ETest184,20069,CTestEtelServer,_None
ETest185,20070,CTestEtelServer,_None
ETest186,20071,CTestEtelServer,_None
ETest187,20072,CTestEtelServer,_None
ETest188,20073,CTestEtelServer,_None
ETest189,20074,CTestEtelServer,_None
ETest190,20075,CTestEtelServer,_None
ETest191,20076,CTestEtelServer,_None
ETest192,20077,CTestEtelServer,_None
ETest193,20078,CTestEtelServer,_None
ETest194,20079,CTestEtelServer,_None
ETest195,20080,CTestEtelServer,_None
ETest196,20081,CTestEtelServer,_None
ETest197,20082,CTestEtelServer,_None
ETest198,20083,CTestEtelServer,_None
ETest199,20084,CTestEtelServer,_None
ETest200,20085,CTestEtelServer,_None
ETest201,20086,CTestEtelServer,_None
ETest202,20087,CTestEtelServer,_None
ETest203,20088,CTestEtelServer,_None
ETest204,20089,CTestEtelServer,_None
ETest205,20090,CTestEtelServer,_None
ETest206,20091,CTestEtelServer,_None
ETest207,20092,CTestEtelServer,_None
ETest208,20093,CTestEtelServer,_None
ETest209,20094,CTestEtelServer,_None
ETest210,20095,CTestEtelServer,_None
ETest211,20096,CTestEtelServer,_None
ETest212,20097,CTestEtelServer,_None
ETest213,20098,CTestEtelServer,_None
ETest214,20099,CTestEtelServer,_None
ETest215,20100,CTestEtelServer,_None
ETest216,20101,CTestEtelServer,_None
ETest217,20102,CTestEtelServer,_None
ETest218,20103,CTestEtelServer,_None
ETest219,20104,CTestEtelServer,_None
ETest220,20105,CTestEtelServer,_None
ETest221,20106,CTestEtelServer,_None
ETest222,20107,CTestEtelServer,_None
ETest223,20108,CTestEtelServer,_None
ETest224,20109,CTestEtelServer,_None
ETest225,20110,CTestEtelServer,_None
ETest226,20111,CTestEtelServer,_None
ETest227,20112,CTestEtelServer,_None
ETest228,20113,CTestEtelServer,_None
ETest229,20114,CTestEtelServer,_None
ETest230,20115,CTestEtelServer,_None
ETest231,20116,CTestEtelServer,_None
ETest232,20117,CTestEtelServer,_None
ETest233,20118,CTestEtelServer,_None
ETest234,20501,CTestEtelServer,_None
ETest235,20502,CTestEtelServer,_None
ETest236,20508,CTestEtelServer,_None
ETest237,20509,CTestEtelServer,_None
ETest238,20510,CTestEtelServer,_None
ETest239,20511,CTestEtelServer,_None
ETest240,20512,CTestEtelServer,_None
ETest241,20513,CTestEtelServer,_None
ETest242,20514,CTestEtelServer,_None
ETest243,20515,CTestEtelServer,_None
ETest244,20516,CTestEtelServer,_None
ETest245,20520,CTestEtelServer,_None
ETest246,20521,CTestEtelServer,_None
ETest247,20522,CTestEtelServer,_None
ETest248,20524,CTestEtelServer,_None
ETest249,20525,CTestEtelServer,_None
ETest250,20530,CTestEtelServer,_None
ETest251,20531,CTestEtelServer,_None
ETest252,20532,CTestEtelServer,_None
ETest253,20534,CTestEtelServer,_None
ETest254,20535,CTestEtelServer,_None
ETest255,20538,CTestEtelServer,_None
ETest256,20540,CTestEtelServer,_None
ETest257,20541,CTestEtelServer,_None
ETest258,20544,CTestEtelServer,_None
ETest259,20545,CTestEtelServer,_None
ETest260,20546,CTestEtelServer,_None
ETest261,20548,CTestEtelServer,_None
ETest262,20549,CTestEtelServer,_None
ETest263,20550,CTestEtelServer,_None
ETest264,20554,CTestEtelServer,_None
ETest265,20555,CTestEtelServer,_None
ETest266,20556,CTestEtelServer,_None
ETest267,20558,CTestEtelServer,_None
ETest268,20560,CTestEtelServer,_None
ETest269,20561,CTestEtelServer,_None
ETest270,20562,CTestEtelServer,_None
ETest271,20563,CTestEtelServer,_None
ETest272,20564,CTestEtelServer,_None
ETest273,20565,CTestEtelServer,_None
ETest274,20566,CTestEtelServer,_None
ETest275,20567,CTestEtelServer,_None
ETest276,20568,CTestEtelServer,_None
ETest277,20569,CTestEtelServer,_None
ETest278,20570,CTestEtelServer,_None
ETest279,20571,CTestEtelServer,_None
ETest280,20572,CTestEtelServer,_None
ETest281,20573,CTestEtelServer,_None
ETest282,20574,CTestEtelServer,_None
ETest283,20575,CTestEtelServer,_None
ETest284,20576,CTestEtelServer,_None
ETest285,20577,CTestEtelServer,_None
ETest286,20578,CTestEtelServer,_None
ETest287,20579,CTestEtelServer,_None
ETest288,20580,CTestEtelServer,_None
ETest289,20581,CTestEtelServer,_None
ETest290,20582,CTestEtelServer,_None
ETest291,20583,CTestEtelServer,_None
ETest292,20584,CTestEtelServer,_None
ETest293,20585,CTestEtelServer,_None
ETest294,20586,CTestEtelServer,_None
ETest295,20587,CTestEtelServer,_None
ETest296,20588,CTestEtelServer,_None
ETest297,20589,CTestEtelServer,_None
ETest298,20590,CTestEtelServer,_None
ETest299,20591,CTestEtelServer,_None
ETest300,20592,CTestEtelServer,_None
ETest301,20593,CTestEtelServer,_None
ETest302,20594,CTestEtelServer,_None
ETest303,20595,CTestEtelServer,_None
ETest304,20596,CTestEtelServer,_None
ETest305,20597,CTestEtelServer,_None
ETest306,20598,CTestEtelServer,_None
ETest307,20599,CTestEtelServer,_None
ETest308,20600,CTestEtelServer,_None
ETest309,20601,CTestEtelServer,_None
ETest310,20604,CTestEtelServer,_None
ETest311,20607,CTestEtelServer,_None
ETest312,20608,CTestEtelServer,_None
ETest313,20609,CTestEtelServer,_None
ETest314,20611,CTestEtelServer,_None
ETest315,20612,CTestEtelServer,_None
ETest316,20613,CTestEtelServer,_None
ETest317,20614,CTestEtelServer,_None
ETest318,20615,CTestEtelServer,_None
ETest319,20616,CTestEtelServer,_None
ETest320,20617,CTestEtelServer,_None
ETest321,20618,CTestEtelServer,_None
ETest322,21000,CTestEtelServer,NetworkServices
ETest323,21001,CTestEtelServer,NetworkServices
ETest324,21002,CTestEtelServer,NetworkServices
ETest325,21003,CTestEtelServer,NetworkServices
ETest326,21004,CTestEtelServer,NetworkServices
ETest327,21005,CTestEtelServer,NetworkServices
ETest328,21006,CTestEtelServer,NetworkServices
ETest329,21007,CTestEtelServer,NetworkServices
ETest330,21008,CTestEtelServer,NetworkServices
ETest331,21009,CTestEtelServer,NetworkServices
ETest332,21010,CTestEtelServer,NetworkServices
ETest333,21011,CTestEtelServer,NetworkServices
ETest334,21012,CTestEtelServer,NetworkServices
ETest335,21013,CTestEtelServer,NetworkServices
ETest336,21014,CTestEtelServer,NetworkServices
ETest337,21015,CTestEtelServer,NetworkServices
ETest338,21016,CTestEtelServer,NetworkServices
ETest339,21017,CTestEtelServer,NetworkServices
ETest340,21018,CTestEtelServer,NetworkServices
ETest341,21019,CTestEtelServer,NetworkServices
ETest342,21020,CTestEtelServer,NetworkServices
ETest343,21021,CTestEtelServer,NetworkServices
ETest344,21022,CTestEtelServer,NetworkServices
ETest345,21023,CTestEtelServer,NetworkServices
ETest346,21024,CTestEtelServer,NetworkServices
ETest347,21025,CTestEtelServer,NetworkServices
ETest348,21026,CTestEtelServer,NetworkServices
ETest349,21027,CTestEtelServer,NetworkServices
ETest350,21028,CTestEtelServer,NetworkServices
ETest351,21029,CTestEtelServer,NetworkServices
ETest1059,21030,CTestEtelServer,NetworkServices
ETest352,21500,CTestEtelServer,NetworkServices
ETest353,21501,CTestEtelServer,NetworkServices
ETest354,21502,CTestEtelServer,NetworkServices
ETest355,21503,CTestEtelServer,NetworkServices
ETest356,21504,CTestEtelServer,NetworkServices
ETest357,21505,CTestEtelServer,NetworkServices
ETest358,21506,CTestEtelServer,NetworkServices
ETest359,21507,CTestEtelServer,NetworkServices
ETest360,21508,CTestEtelServer,NetworkServices
ETest361,21510,CTestEtelServer,NetworkServices
ETest362,21511,CTestEtelServer,NetworkServices
ETest363,21514,CTestEtelServer,NetworkServices
ETest364,21515,CTestEtelServer,NetworkServices
ETest365,21516,CTestEtelServer,NetworkServices
ETest366,21517,CTestEtelServer,NetworkServices
ETest367,21518,CTestEtelServer,NetworkServices
ETest368,21519,CTestEtelServer,NetworkServices
ETest369,21520,CTestEtelServer,NetworkServices
ETest370,21521,CTestEtelServer,NetworkServices
ETest371,21523,CTestEtelServer,NetworkServices
ETest372,21524,CTestEtelServer,NetworkServices
ETest373,21526,CTestEtelServer,NetworkServices
ETest374,21529,CTestEtelServer,NetworkServices
ETest1060,21530,CTestEtelServer,NetworkServices
ETest375,22000,CTestEtelServer,ReadDeviceData
ETest376,22001,CTestEtelServer,ReadDeviceData 
ETest377,22002,CTestEtelServer,ReadDeviceData 
ETest378,22003,CTestEtelServer,ReadDeviceData 
ETest379,22004,CTestEtelServer,_None
ETest380,22005,CTestEtelServer,ReadDeviceData
ETest381,22006,CTestEtelServer,ReadDeviceData 
ETest382,22007,CTestEtelServer,ReadDeviceData 
ETest383,22008,CTestEtelServer,ReadDeviceData 
ETest384,22009,CTestEtelServer,_None
ETest385,22010,CTestEtelServer,ReadDeviceData 
ETest386,22011,CTestEtelServer,ReadDeviceData 
ETest387,22012,CTestEtelServer,_None
ETest388,22013,CTestEtelServer,ReadDeviceData 
ETest389,22014,CTestEtelServer,ReadDeviceData
ETest390,22015,CTestEtelServer,ReadDeviceData
ETest391,22016,CTestEtelServer,_None
ETest392,22017,CTestEtelServer,ReadDeviceData 
ETest393,22018,CTestEtelServer,ReadDeviceData 
ETest394,22019,CTestEtelServer,ReadDeviceData 
ETest395,22020,CTestEtelServer,ReadDeviceData 
ETest396,22021,CTestEtelServer,ReadDeviceData 
ETest397,22022,CTestEtelServer,ReadDeviceData 
ETest398,22023,CTestEtelServer,ReadDeviceData 
ETest399,22024,CTestEtelServer,ReadDeviceData 
ETest400,22025,CTestEtelServer,ReadDeviceData 
ETest401,22026,CTestEtelServer,ReadDeviceData 
ETest402,22027,CTestEtelServer,ReadDeviceData 
ETest403,22028,CTestEtelServer,ReadDeviceData 
ETest404,22029,CTestEtelServer,ReadDeviceData 
ETest405,22030,CTestEtelServer,ReadDeviceData
ETest406,22031,CTestEtelServer,ReadDeviceData
ETest407,22032,CTestEtelServer,ReadDeviceData
ETest408,22033,CTestEtelServer,ReadDeviceData
ETest409,22034,CTestEtelServer,ReadDeviceData
ETest410,22035,CTestEtelServer,ReadDeviceData
ETest411,22036,CTestEtelServer,ReadDeviceData
ETest412,22037,CTestEtelServer,ReadDeviceData
ETest413,22038,CTestEtelServer,ReadDeviceData
ETest414,22039,CTestEtelServer,ReadDeviceData
ETest415,22040,CTestEtelServer,ReadDeviceData
ETest416,22041,CTestEtelServer,ReadDeviceData
ETest417,22042,CTestEtelServer,ReadDeviceData
ETest418,22043,CTestEtelServer,ReadDeviceData
ETest419,22044,CTestEtelServer,ReadDeviceData
ETest420,22045,CTestEtelServer,ReadDeviceData
ETest421,22046,CTestEtelServer,ReadDeviceData
ETest422,22047,CTestEtelServer,ReadDeviceData
ETest423,22048,CTestEtelServer,ReadDeviceData
ETest424,22049,CTestEtelServer,ReadDeviceData
ETest425,22050,CTestEtelServer,ReadDeviceData
ETest426,22051,CTestEtelServer,ReadDeviceData
ETest427,22052,CTestEtelServer,ReadDeviceData
ETest428,22053,CTestEtelServer,ReadDeviceData
ETest429,22054,CTestEtelServer,ReadDeviceData
ETest430,22055,CTestEtelServer,ReadDeviceData
ETest431,22056,CTestEtelServer,ReadDeviceData
ETest432,22057,CTestEtelServer,ReadDeviceData
ETest433,22501,CTestEtelServer,ReadDeviceData 
ETest434,22502,CTestEtelServer,ReadDeviceData 
ETest435,22503,CTestEtelServer,ReadDeviceData 
ETest436,22504,CTestEtelServer,_None
ETest437,22505,CTestEtelServer,ReadDeviceData 
ETest438,22506,CTestEtelServer,ReadDeviceData 
ETest439,22507,CTestEtelServer,ReadDeviceData 
ETest440,22509,CTestEtelServer,_None
ETest441,22511,CTestEtelServer,ReadDeviceData 
ETest442,22512,CTestEtelServer,_None
ETest443,22513,CTestEtelServer,ReadDeviceData 
ETest444,22514,CTestEtelServer,ReadDeviceData 
ETest445,22516,CTestEtelServer,_None
ETest446,22517,CTestEtelServer,ReadDeviceData 
ETest447,22518,CTestEtelServer,ReadDeviceData 
ETest448,22519,CTestEtelServer,ReadDeviceData 
ETest449,22520,CTestEtelServer,ReadDeviceData 
ETest450,22521,CTestEtelServer,ReadDeviceData 
ETest451,22522,CTestEtelServer,ReadDeviceData 
ETest452,22523,CTestEtelServer,ReadDeviceData 
ETest453,22524,CTestEtelServer,ReadDeviceData 
ETest454,22526,CTestEtelServer,ReadDeviceData 
ETest455,22528,CTestEtelServer,ReadDeviceData 
ETest456,22530,CTestEtelServer,ReadDeviceData
ETest457,22532,CTestEtelServer,ReadDeviceData
ETest458,22533,CTestEtelServer,ReadDeviceData
ETest459,22534,CTestEtelServer,ReadDeviceData
ETest460,22535,CTestEtelServer,ReadDeviceData
ETest461,22536,CTestEtelServer,ReadDeviceData
ETest462,22537,CTestEtelServer,ReadDeviceData
ETest463,22538,CTestEtelServer,ReadDeviceData
ETest464,22539,CTestEtelServer,ReadDeviceData
ETest465,22540,CTestEtelServer,ReadDeviceData
ETest466,22541,CTestEtelServer,ReadDeviceData
ETest467,22542,CTestEtelServer,ReadDeviceData
ETest468,22543,CTestEtelServer,ReadDeviceData
ETest469,22547,CTestEtelServer,ReadDeviceData
ETest470,22548,CTestEtelServer,ReadDeviceData
ETest471,22549,CTestEtelServer,ReadDeviceData
ETest472,22550,CTestEtelServer,ReadDeviceData
ETest473,22551,CTestEtelServer,ReadDeviceData
ETest474,22552,CTestEtelServer,ReadDeviceData
ETest475,22554,CTestEtelServer,ReadDeviceData
ETest476,22555,CTestEtelServer,ReadDeviceData
ETest477,22556,CTestEtelServer,ReadDeviceData
ETest478,23000,CTestEtelServer,WriteDeviceData
ETest479,23001,CTestEtelServer,WriteDeviceData
ETest480,23002,CTestEtelServer,WriteDeviceData
ETest481,23003,CTestEtelServer,WriteDeviceData
ETest482,23004,CTestEtelServer,WriteDeviceData
ETest483,23005,CTestEtelServer,WriteDeviceData
ETest484,23006,CTestEtelServer,WriteDeviceData
ETest485,23007,CTestEtelServer,WriteDeviceData
ETest486,23008,CTestEtelServer,WriteDeviceData
ETest487,23009,CTestEtelServer,WriteDeviceData
ETest488,23010,CTestEtelServer,WriteDeviceData
ETest489,23011,CTestEtelServer,WriteDeviceData
ETest490,23012,CTestEtelServer,WriteDeviceData
ETest491,23013,CTestEtelServer,WriteDeviceData
ETest492,23014,CTestEtelServer,WriteDeviceData
ETest493,23015,CTestEtelServer,WriteDeviceData
ETest494,23016,CTestEtelServer,WriteDeviceData
ETest495,23017,CTestEtelServer,WriteDeviceData
ETest496,23018,CTestEtelServer,WriteDeviceData
ETest497,23019,CTestEtelServer,WriteDeviceData
ETest498,23020,CTestEtelServer,WriteDeviceData
ETest499,23021,CTestEtelServer,WriteDeviceData
ETest500,23022,CTestEtelServer,WriteDeviceData
ETest501,23023,CTestEtelServer,WriteDeviceData
ETest502,23024,CTestEtelServer,WriteDeviceData
ETest503,23025,CTestEtelServer,WriteDeviceData
ETest504,23026,CTestEtelServer,WriteDeviceData
ETest505,23027,CTestEtelServer,WriteDeviceData
ETest506,23028,CTestEtelServer,WriteDeviceData
ETest507,23029,CTestEtelServer,WriteDeviceData NetworkControl
ETest508,23030,CTestEtelServer,WriteDeviceData NetworkControl
ETest509,23031,CTestEtelServer,WriteDeviceData
ETest510,23032,CTestEtelServer,WriteDeviceData
ETest511,23033,CTestEtelServer,WriteDeviceData
ETest512,23034,CTestEtelServer,WriteDeviceData
ETest513,23035,CTestEtelServer,WriteDeviceData
ETest514,23500,CTestEtelServer,WriteDeviceData
ETest515,23501,CTestEtelServer,WriteDeviceData
ETest516,23502,CTestEtelServer,WriteDeviceData
ETest517,23504,CTestEtelServer,WriteDeviceData
ETest518,23505,CTestEtelServer,WriteDeviceData
ETest519,23506,CTestEtelServer,WriteDeviceData
ETest520,23507,CTestEtelServer,WriteDeviceData
ETest521,23508,CTestEtelServer,WriteDeviceData
ETest522,23509,CTestEtelServer,WriteDeviceData
ETest523,23510,CTestEtelServer,WriteDeviceData
ETest524,23511,CTestEtelServer,WriteDeviceData
ETest525,23512,CTestEtelServer,WriteDeviceData
ETest526,23513,CTestEtelServer,WriteDeviceData
ETest527,23514,CTestEtelServer,WriteDeviceData
ETest528,23515,CTestEtelServer,WriteDeviceData
ETest529,23516,CTestEtelServer,WriteDeviceData
ETest530,23517,CTestEtelServer,WriteDeviceData
ETest531,23518,CTestEtelServer,WriteDeviceData
ETest532,23519,CTestEtelServer,WriteDeviceData
ETest533,23520,CTestEtelServer,WriteDeviceData
ETest534,23521,CTestEtelServer,WriteDeviceData
ETest535,23522,CTestEtelServer,WriteDeviceData
ETest536,23523,CTestEtelServer,WriteDeviceData
ETest537,23524,CTestEtelServer,WriteDeviceData
ETest538,23525,CTestEtelServer,WriteDeviceData
ETest539,23526,CTestEtelServer,WriteDeviceData
ETest540,23527,CTestEtelServer,WriteDeviceData
ETest541,23528,CTestEtelServer,WriteDeviceData
ETest542,23529,CTestEtelServer,WriteDeviceData NetworkControl
ETest543,23530,CTestEtelServer,WriteDeviceData NetworkControl
ETest544,23531,CTestEtelServer,WriteDeviceData
ETest545,23532,CTestEtelServer,WriteDeviceData
ETest546,23533,CTestEtelServer,WriteDeviceData
ETest547,23534,CTestEtelServer,WriteDeviceData
ETest548,23535,CTestEtelServer,WriteDeviceData
ETest549,24000,CTestEtelServer,ReadUserData
ETest550,24001,CTestEtelServer,ReadUserData
ETest551,24002,CTestEtelServer,ReadUserData
ETest552,24003,CTestEtelServer,ReadUserData
ETest553,24004,CTestEtelServer,ReadUserData
ETest554,24005,CTestEtelServer,ReadUserData
ETest555,24006,CTestEtelServer,ReadUserData
ETest556,24007,CTestEtelServer,ReadUserData
ETest557,24008,CTestEtelServer,ReadUserData
ETest558,24009,CTestEtelServer,ReadUserData
ETest559,24010,CTestEtelServer,ReadUserData 
ETest560,24011,CTestEtelServer,_None
ETest561,24012,CTestEtelServer,ReadUserData
ETest562,24013,CTestEtelServer,ReadUserData
ETest563,24014,CTestEtelServer,ReadUserData 
ETest564,24015,CTestEtelServer,_None
ETest565,24016,CTestEtelServer,ReadUserData
ETest566,24017,CTestEtelServer,ReadUserData 
ETest567,24018,CTestEtelServer,ReadUserData
ETest568,24019,CTestEtelServer,ReadUserData 
ETest569,24501,CTestEtelServer,ReadUserData
ETest570,24503,CTestEtelServer,ReadUserData
ETest571,24504,CTestEtelServer,ReadUserData
ETest572,24505,CTestEtelServer,ReadUserData
ETest573,24506,CTestEtelServer,ReadUserData
ETest574,24507,CTestEtelServer,ReadUserData
ETest575,24508,CTestEtelServer,ReadUserData
ETest576,24510,CTestEtelServer,ReadUserData 
ETest577,24511,CTestEtelServer,_None
ETest578,24512,CTestEtelServer,ReadUserData
ETest579,24513,CTestEtelServer,ReadUserData
ETest580,24514,CTestEtelServer,ReadUserData 
ETest581,24515,CTestEtelServer,_None
ETest582,24516,CTestEtelServer,ReadUserData
ETest583,24517,CTestEtelServer,ReadUserData 
ETest584,24518,CTestEtelServer,ReadUserData
ETest585,24519,CTestEtelServer,ReadUserData 
ETest586,25000,CTestEtelServer,WriteUserData
ETest587,25001,CTestEtelServer,WriteUserData
ETest588,25002,CTestEtelServer,WriteUserData
ETest589,25003,CTestEtelServer,WriteUserData 
ETest590,25004,CTestEtelServer,WriteUserData 
ETest591,25005,CTestEtelServer,WriteUserData 
ETest592,25006,CTestEtelServer,WriteUserData 
ETest593,25007,CTestEtelServer,WriteUserData 
ETest594,25500,CTestEtelServer,WriteUserData
ETest595,25501,CTestEtelServer,WriteUserData
ETest596,25502,CTestEtelServer,WriteUserData
ETest597,25503,CTestEtelServer,WriteUserData 
ETest598,25504,CTestEtelServer,WriteUserData
ETest599,25505,CTestEtelServer,WriteUserData 
ETest600,25506,CTestEtelServer,WriteUserData 
ETest601,25507,CTestEtelServer,WriteUserData 
ETest602,26000,CTestEtelServer,ReadDeviceData
ETest603,26001,CTestEtelServer,ReadDeviceData
ETest604,26002,CTestEtelServer,ReadDeviceData
ETest605,26003,CTestEtelServer,ReadDeviceData
ETest606,26500,CTestEtelServer,ReadDeviceData
ETest607,26501,CTestEtelServer,ReadDeviceData
ETest608,26502,CTestEtelServer,ReadDeviceData
ETest609,26503,CTestEtelServer,ReadDeviceData
ETest610,27000,CTestEtelServer,NetworkControl NetworkServices
ETest611,27001,CTestEtelServer,NetworkServices NetworkControl
ETest612,27002,CTestEtelServer,NetworkControl NetworkServices
ETest613,27003,CTestEtelServer,NetworkControl NetworkServices
ETest614,27004,CTestEtelServer,NetworkControl NetworkServices
ETest615,27005,CTestEtelServer,NetworkServices  NetworkControl
ETest616,27006,CTestEtelServer,NetworkControl NetworkServices
ETest617,27500,CTestEtelServer,NetworkControl NetworkServices
ETest618,27501,CTestEtelServer,NetworkServices NetworkControl
ETest619,27502,CTestEtelServer,NetworkControl NetworkServices
ETest620,27503,CTestEtelServer,NetworkControl NetworkServices
ETest621,27504,CTestEtelServer,NetworkControl NetworkServices
ETest622,27505,CTestEtelServer,NetworkServices  NetworkControl
ETest623,27506,CTestEtelServer,NetworkControl NetworkServices
ETest624,28000,CTestEtelServer,NetworkControl NetworkServices WriteDeviceData
ETest625,28001,CTestEtelServer,NetworkControl NetworkServices WriteDeviceData
ETest626,28002,CTestEtelServer,NetworkServices NetworkControl WriteDeviceData
ETest627,28500,CTestEtelServer,NetworkControl NetworkServices WriteDeviceData
ETest628,28501,CTestEtelServer,NetworkControl NetworkServices WriteDeviceData
ETest629,28502,CTestEtelServer,NetworkServices NetworkControl WriteDeviceData
ETest630,29000,CTestEtelServer,NetworkControl ReadDeviceData
ETest631,29001,CTestEtelServer,NetworkControl ReadDeviceData 
ETest632,29002,CTestEtelServer,NetworkControl ReadDeviceData 
ETest633,29003,CTestEtelServer,NetworkControl ReadDeviceData
ETest634,29004,CTestEtelServer,ReadDeviceData NetworkControl
ETest635,29500,CTestEtelServer,NetworkControl ReadDeviceData
ETest636,29502,CTestEtelServer,NetworkControl ReadDeviceData 
ETest637,29503,CTestEtelServer,NetworkControl ReadDeviceData
ETest638,29504,CTestEtelServer,ReadDeviceData NetworkControl
ETest639,30000,CTestEtelServer,NetworkControl WriteDeviceData
ETest640,30001,CTestEtelServer,NetworkControl WriteDeviceData
ETest641,30002,CTestEtelServer,NetworkControl WriteDeviceData
ETest642,30500,CTestEtelServer,NetworkControl WriteDeviceData
ETest643,30501,CTestEtelServer,NetworkControl WriteDeviceData
ETest644,30502,CTestEtelServer,NetworkControl WriteDeviceData
ETest645,31000,CTestEtelServer,NetworkServices ReadDeviceData
ETest646,31001,CTestEtelServer,NetworkServices ReadDeviceData
ETest647,31002,CTestEtelServer,NetworkServices ReadDeviceData
ETest648,31003,CTestEtelServer,NetworkServices ReadDeviceData
ETest649,31004,CTestEtelServer,NetworkServices ReadDeviceData
ETest650,31005,CTestEtelServer,NetworkServices ReadDeviceData
ETest651,31006,CTestEtelServer,NetworkServices ReadDeviceData
ETest652,31007,CTestEtelServer,NetworkServices ReadDeviceData
ETest653,31008,CTestEtelServer,NetworkServices ReadDeviceData
ETest654,31009,CTestEtelServer,NetworkServices ReadDeviceData
ETest655,31010,CTestEtelServer,NetworkServices ReadDeviceData
ETest656,31011,CTestEtelServer,NetworkServices ReadDeviceData
ETest657,31012,CTestEtelServer,NetworkServices ReadDeviceData
ETest658,31013,CTestEtelServer,NetworkServices ReadDeviceData
ETest659,31500,CTestEtelServer,NetworkServices ReadDeviceData
ETest660,31502,CTestEtelServer,NetworkServices ReadDeviceData
ETest661,31504,CTestEtelServer,NetworkServices ReadDeviceData
ETest662,31506,CTestEtelServer,NetworkServices ReadDeviceData
ETest663,31508,CTestEtelServer,NetworkServices ReadDeviceData
ETest664,31510,CTestEtelServer,NetworkServices ReadDeviceData
ETest665,31511,CTestEtelServer,NetworkServices ReadDeviceData
ETest666,32000,CTestEtelServer,NetworkServices ReadUserData
ETest667,32001,CTestEtelServer,NetworkServices ReadUserData
ETest668,32500,CTestEtelServer,NetworkServices ReadUserData
ETest669,32501,CTestEtelServer,NetworkServices ReadUserData
ETest670,33000,CTestEtelServer,WriteDeviceData NetworkServices
ETest671,33001,CTestEtelServer,NetworkServices WriteDeviceData
ETest672,33002,CTestEtelServer,NetworkServices WriteDeviceData
ETest673,33003,CTestEtelServer,NetworkServices WriteDeviceData
ETest674,33004,CTestEtelServer,NetworkServices WriteDeviceData 
ETest675,33005,CTestEtelServer,NetworkServices WriteDeviceData 
ETest676,33006,CTestEtelServer,NetworkServices WriteDeviceData 
ETest677,33007,CTestEtelServer,NetworkServices WriteDeviceData
ETest678,33008,CTestEtelServer,NetworkServices WriteDeviceData 
ETest679,33009,CTestEtelServer,NetworkServices WriteDeviceData 
ETest680,33010,CTestEtelServer,NetworkServices WriteDeviceData
ETest681,33500,CTestEtelServer,NetworkServices WriteDeviceData
ETest682,33501,CTestEtelServer,NetworkServices WriteDeviceData
ETest683,33502,CTestEtelServer,NetworkServices WriteDeviceData
ETest684,33503,CTestEtelServer,NetworkServices WriteDeviceData
ETest685,33504,CTestEtelServer,NetworkServices WriteDeviceData 
ETest686,33505,CTestEtelServer,NetworkServices WriteDeviceData 
ETest687,33506,CTestEtelServer,NetworkServices WriteDeviceData 
ETest688,33507,CTestEtelServer,NetworkServices WriteDeviceData
ETest689,33508,CTestEtelServer,NetworkServices WriteDeviceData 
ETest690,33509,CTestEtelServer,NetworkServices WriteDeviceData 
ETest691,33510,CTestEtelServer,NetworkServices WriteDeviceData
ETest692,34000,CTestEtelServer,NetworkServices WriteUserData
ETest693,34001,CTestEtelServer,NetworkServices WriteUserData
ETest694,34002,CTestEtelServer,NetworkServices WriteUserData
ETest695,34003,CTestEtelServer,NetworkServices WriteUserData
ETest696,34500,CTestEtelServer,NetworkServices WriteUserData
ETest697,34501,CTestEtelServer,NetworkServices WriteUserData
ETest698,34502,CTestEtelServer,NetworkServices WriteUserData
ETest699,34503,CTestEtelServer,NetworkServices WriteUserData
ETest700,35000,CTestEtelServer,_None
ETest701,35001,CTestEtelServer,_None
ETest702,35002,CTestEtelServer,_None
ETest703,35003,CTestEtelServer,_None
ETest704,35004,CTestEtelServer,_None
ETest705,35005,CTestEtelServer,_None
ETest706,35006,CTestEtelServer,_None
ETest707,35007,CTestEtelServer,_None
ETest708,35008,CTestEtelServer,_None
ETest709,35500,CTestEtelServer,_None
ETest710,35501,CTestEtelServer,_None
ETest711,35502,CTestEtelServer,_None
ETest712,35503,CTestEtelServer,_None
ETest713,35504,CTestEtelServer,_None
ETest714,35505,CTestEtelServer,_None
ETest715,35506,CTestEtelServer,_None
ETest716,35507,CTestEtelServer,_None
ETest717,40000,CTestEtelServer,_None
ETest718,40001,CTestEtelServer,_None
ETest719,40002,CTestEtelServer,_None
ETest720,40003,CTestEtelServer,_None
ETest721,40004,CTestEtelServer,_None
ETest722,40005,CTestEtelServer,_None
ETest723,40006,CTestEtelServer,_None
ETest724,40007,CTestEtelServer,_None
ETest725,40008,CTestEtelServer,_None
ETest726,40009,CTestEtelServer,_None
ETest727,40010,CTestEtelServer,_None
ETest728,40011,CTestEtelServer,_None
ETest729,40012,CTestEtelServer,_None
ETest730,40013,CTestEtelServer,_None
ETest731,40014,CTestEtelServer,_None
ETest732,40015,CTestEtelServer,_None
ETest733,40016,CTestEtelServer,_None
ETest734,40017,CTestEtelServer,_None
ETest735,40018,CTestEtelServer,_None
ETest736,40019,CTestEtelServer,_None
ETest737,40020,CTestEtelServer,_None
ETest738,40021,CTestEtelServer,_None
ETest739,40022,CTestEtelServer,_None
ETest740,40023,CTestEtelServer,_None
ETest741,40024,CTestEtelServer,_None
ETest742,40025,CTestEtelServer,_None
ETest743,40026,CTestEtelServer,_None
ETest744,40027,CTestEtelServer,_None
ETest745,40500,CTestEtelServer,_None
ETest746,40504,CTestEtelServer,_None
ETest747,40505,CTestEtelServer,_None
ETest748,40506,CTestEtelServer,_None
ETest749,40507,CTestEtelServer,_None
ETest750,40508,CTestEtelServer,_None
ETest751,40509,CTestEtelServer,_None
ETest752,40510,CTestEtelServer,_None
ETest753,40512,CTestEtelServer,_None
ETest754,40513,CTestEtelServer,_None
ETest755,40514,CTestEtelServer,_None
ETest756,40517,CTestEtelServer,_None
ETest757,40518,CTestEtelServer,_None
ETest758,40519,CTestEtelServer,_None
ETest759,40520,CTestEtelServer,_None
ETest760,40521,CTestEtelServer,_None
ETest761,40522,CTestEtelServer,_None
ETest762,40523,CTestEtelServer,_None
ETest763,40524,CTestEtelServer,_None
ETest764,40526,CTestEtelServer,_None
ETest765,40527,CTestEtelServer,_None
ETest766,41000,CTestEtelServer,NetworkServices 
ETest767,41001,CTestEtelServer,NetworkServices 
ETest768,41002,CTestEtelServer,NetworkServices
ETest769,41003,CTestEtelServer,NetworkServices 
ETest770,41004,CTestEtelServer,NetworkServices
ETest771,41005,CTestEtelServer,NetworkServices 
ETest772,41006,CTestEtelServer,NetworkServices 
ETest773,41007,CTestEtelServer,NetworkServices
ETest774,41008,CTestEtelServer,NetworkServices 
ETest775,41009,CTestEtelServer,NetworkServices
ETest776,41010,CTestEtelServer,NetworkServices 
ETest777,41011,CTestEtelServer,NetworkServices 
ETest778,41500,CTestEtelServer,NetworkServices 
ETest779,41501,CTestEtelServer,NetworkServices 
ETest780,41502,CTestEtelServer,NetworkServices
ETest781,41503,CTestEtelServer,NetworkServices 
ETest782,41504,CTestEtelServer,NetworkServices
ETest783,41505,CTestEtelServer,NetworkServices 
ETest784,41506,CTestEtelServer,NetworkServices 
ETest785,41507,CTestEtelServer,NetworkServices
ETest786,41508,CTestEtelServer,NetworkServices 
ETest787,41509,CTestEtelServer,NetworkServices
ETest788,41510,CTestEtelServer,NetworkServices 
ETest789,41511,CTestEtelServer,NetworkServices 
ETest790,42000,CTestEtelServer,ReadDeviceData 
ETest791,42001,CTestEtelServer,ReadDeviceData 
ETest792,42002,CTestEtelServer,ReadDeviceData 
ETest793,42003,CTestEtelServer,ReadDeviceData 
ETest794,42004,CTestEtelServer,ReadDeviceData 
ETest795,42005,CTestEtelServer,ReadDeviceData 
ETest796,42006,CTestEtelServer,ReadDeviceData 
ETest797,42007,CTestEtelServer,ReadDeviceData 
ETest798,42008,CTestEtelServer,ReadDeviceData 
ETest799,42009,CTestEtelServer,ReadDeviceData 
ETest800,42010,CTestEtelServer,ReadDeviceData 
ETest801,42011,CTestEtelServer,ReadDeviceData 
ETest802,42012,CTestEtelServer,ReadDeviceData 
ETest803,42013,CTestEtelServer,ReadDeviceData 
ETest804,42014,CTestEtelServer,ReadDeviceData 
ETest805,42015,CTestEtelServer,ReadDeviceData 
ETest806,42016,CTestEtelServer,ReadDeviceData 
ETest807,42500,CTestEtelServer,ReadDeviceData 
ETest808,42501,CTestEtelServer,ReadDeviceData 
ETest809,42502,CTestEtelServer,ReadDeviceData 
ETest810,42503,CTestEtelServer,ReadDeviceData 
ETest811,42504,CTestEtelServer,ReadDeviceData 
ETest812,42505,CTestEtelServer,ReadDeviceData 
ETest813,42506,CTestEtelServer,ReadDeviceData 
ETest814,42507,CTestEtelServer,ReadDeviceData 
ETest815,42508,CTestEtelServer,ReadDeviceData 
ETest816,42509,CTestEtelServer,ReadDeviceData 
ETest817,42510,CTestEtelServer,ReadDeviceData 
ETest818,42511,CTestEtelServer,ReadDeviceData 
ETest819,42513,CTestEtelServer,ReadDeviceData 
ETest820,42514,CTestEtelServer,ReadDeviceData 
ETest821,42515,CTestEtelServer,ReadDeviceData 
ETest822,43000,CTestEtelServer,WriteDeviceData
ETest823,43001,CTestEtelServer,WriteDeviceData
ETest824,43002,CTestEtelServer,WriteDeviceData
ETest825,43003,CTestEtelServer,WriteDeviceData
ETest826,43004,CTestEtelServer,WriteDeviceData
ETest827,43005,CTestEtelServer,WriteDeviceData
ETest828,43500,CTestEtelServer,WriteDeviceData
ETest829,43501,CTestEtelServer,WriteDeviceData
ETest830,43502,CTestEtelServer,WriteDeviceData
ETest831,43503,CTestEtelServer,WriteDeviceData
ETest832,43504,CTestEtelServer,WriteDeviceData
ETest833,43505,CTestEtelServer,WriteDeviceData
ETest834,44000,CTestEtelServer,ReadUserData 
ETest835,44001,CTestEtelServer,ReadUserData 
ETest836,44500,CTestEtelServer,ReadUserData 
ETest837,44501,CTestEtelServer,ReadUserData 
ETest838,45000,CTestEtelServer,NetworkServices ReadDeviceData
ETest839,45001,CTestEtelServer,NetworkServices ReadDeviceData
ETest840,45500,CTestEtelServer,NetworkServices ReadDeviceData
ETest841,45501,CTestEtelServer,NetworkServices ReadDeviceData
ETest842,46000,CTestEtelServer,NetworkServices WriteDeviceData 
ETest843,46001,CTestEtelServer,NetworkServices WriteDeviceData 
ETest844,46002,CTestEtelServer,NetworkServices WriteDeviceData 
ETest845,46003,CTestEtelServer,NetworkServices WriteDeviceData 
ETest846,46004,CTestEtelServer,NetworkServices WriteDeviceData 
ETest847,46005,CTestEtelServer,NetworkServices WriteDeviceData 
ETest848,46006,CTestEtelServer,NetworkServices WriteDeviceData 
ETest849,46500,CTestEtelServer,NetworkServices WriteDeviceData 
ETest850,46501,CTestEtelServer,NetworkServices WriteDeviceData 
ETest851,46502,CTestEtelServer,NetworkServices WriteDeviceData 
ETest852,46503,CTestEtelServer,NetworkServices WriteDeviceData 
ETest853,46504,CTestEtelServer,NetworkServices WriteDeviceData 
ETest854,46505,CTestEtelServer,NetworkServices WriteDeviceData 
ETest855,46506,CTestEtelServer,NetworkServices WriteDeviceData 
ETest856,60000,CTestEtelServer,_None
ETest857,60001,CTestEtelServer,_None
ETest858,60002,CTestEtelServer,_None
ETest859,60003,CTestEtelServer,_None
ETest860,60004,CTestEtelServer,_None
ETest861,60005,CTestEtelServer,_None
ETest862,60006,CTestEtelServer,_None
ETest863,60007,CTestEtelServer,_None
ETest864,60008,CTestEtelServer,_None
ETest865,60009,CTestEtelServer,_None
ETest866,60010,CTestEtelServer,_None
ETest867,60011,CTestEtelServer,_None
ETest868,60012,CTestEtelServer,_None
ETest869,60013,CTestEtelServer,_None
ETest870,60014,CTestEtelServer,_None
ETest871,60015,CTestEtelServer,_None
ETest872,60016,CTestEtelServer,_None
ETest873,60017,CTestEtelServer,_None
ETest874,60018,CTestEtelServer,_None
ETest875,60019,CTestEtelServer,_None
ETest876,60020,CTestEtelServer,_None
ETest877,60021,CTestEtelServer,_None
ETest878,60022,CTestEtelServer,_None
ETest879,60023,CTestEtelServer,_None
ETest880,60024,CTestEtelServer,_None
ETest881,60025,CTestEtelServer,_None
ETest882,60026,CTestEtelServer,_None
ETest883,60027,CTestEtelServer,_None
ETest884,60500,CTestEtelServer,_None
ETest885,60501,CTestEtelServer,_None
ETest886,60502,CTestEtelServer,_None
ETest887,60503,CTestEtelServer,_None
ETest888,60504,CTestEtelServer,_None
ETest889,60505,CTestEtelServer,_None
ETest890,60506,CTestEtelServer,_None
ETest891,60507,CTestEtelServer,_None
ETest892,60508,CTestEtelServer,_None
ETest893,60509,CTestEtelServer,_None
ETest894,60510,CTestEtelServer,_None
ETest895,60511,CTestEtelServer,_None
ETest896,60512,CTestEtelServer,_None
ETest897,60513,CTestEtelServer,_None
ETest898,60514,CTestEtelServer,_None
ETest899,60515,CTestEtelServer,_None
ETest900,60516,CTestEtelServer,_None
ETest901,60517,CTestEtelServer,_None
ETest902,60518,CTestEtelServer,_None
ETest903,60519,CTestEtelServer,_None
ETest904,60520,CTestEtelServer,_None
ETest905,60521,CTestEtelServer,_None
ETest906,60522,CTestEtelServer,_None
ETest907,60523,CTestEtelServer,_None
ETest908,60524,CTestEtelServer,_None
ETest909,60525,CTestEtelServer,_None
ETest910,60526,CTestEtelServer,_None
ETest911,60527,CTestEtelServer,_None
ETest912,61000,CTestEtelServer,ReadDeviceData
ETest913,61001,CTestEtelServer,ReadDeviceData
ETest914,61002,CTestEtelServer,ReadDeviceData
ETest915,61003,CTestEtelServer,ReadDeviceData
ETest916,61004,CTestEtelServer,ReadDeviceData
ETest917,61005,CTestEtelServer,ReadDeviceData
ETest918,61006,CTestEtelServer,ReadDeviceData
ETest919,61007,CTestEtelServer,ReadDeviceData
ETest920,61008,CTestEtelServer,ReadDeviceData
ETest921,61009,CTestEtelServer,ReadDeviceData
ETest922,61010,CTestEtelServer,ReadDeviceData
ETest923,61011,CTestEtelServer,ReadDeviceData
ETest924,61012,CTestEtelServer,ReadDeviceData
ETest925,61013,CTestEtelServer,ReadDeviceData
ETest926,61014,CTestEtelServer,ReadDeviceData
ETest927,61015,CTestEtelServer,ReadDeviceData
ETest928,61016,CTestEtelServer,ReadDeviceData
ETest929,61017,CTestEtelServer,ReadDeviceData
ETest930,61018,CTestEtelServer,ReadDeviceData
ETest931,61019,CTestEtelServer,ReadDeviceData
ETest932,61020,CTestEtelServer,ReadDeviceData
ETest933,61021,CTestEtelServer,ReadDeviceData
ETest934,61500,CTestEtelServer,ReadDeviceData
ETest935,61501,CTestEtelServer,ReadDeviceData
ETest936,61502,CTestEtelServer,ReadDeviceData
ETest937,61503,CTestEtelServer,ReadDeviceData
ETest938,61504,CTestEtelServer,ReadDeviceData
ETest939,61505,CTestEtelServer,ReadDeviceData
ETest940,61506,CTestEtelServer,ReadDeviceData
ETest941,61507,CTestEtelServer,ReadDeviceData
ETest942,61508,CTestEtelServer,ReadDeviceData
ETest943,61509,CTestEtelServer,ReadDeviceData
ETest944,61510,CTestEtelServer,ReadDeviceData
ETest945,61511,CTestEtelServer,ReadDeviceData
ETest946,61512,CTestEtelServer,ReadDeviceData
ETest947,61513,CTestEtelServer,ReadDeviceData
ETest948,61514,CTestEtelServer,ReadDeviceData
ETest949,61515,CTestEtelServer,ReadDeviceData
ETest950,61516,CTestEtelServer,ReadDeviceData
ETest951,61517,CTestEtelServer,ReadDeviceData
ETest952,61518,CTestEtelServer,ReadDeviceData
ETest953,61519,CTestEtelServer,ReadDeviceData
ETest954,61520,CTestEtelServer,ReadDeviceData
ETest955,61521,CTestEtelServer,ReadDeviceData
ETest956,62000,CTestEtelServer,WriteDeviceData
ETest957,62500,CTestEtelServer,WriteDeviceData
ETest958,63000,CTestEtelServer,NetworkControl
ETest959,63001,CTestEtelServer,NetworkControl
ETest960,63500,CTestEtelServer,NetworkControl
ETest961,64000,CTestEtelServer,NetworkControl ReadDeviceData
ETest962,64001,CTestEtelServer,NetworkControl ReadDeviceData
ETest963,64002,CTestEtelServer,NetworkControl ReadDeviceData
ETest964,64003,CTestEtelServer,NetworkControl ReadDeviceData
ETest965,64004,CTestEtelServer,NetworkControl ReadDeviceData
ETest966,64500,CTestEtelServer,NetworkControl ReadDeviceData
ETest967,64501,CTestEtelServer,NetworkControl ReadDeviceData
ETest968,64502,CTestEtelServer,NetworkControl ReadDeviceData
ETest969,64503,CTestEtelServer,NetworkControl ReadDeviceData
ETest970,64504,CTestEtelServer,NetworkControl ReadDeviceData
ETest971,65000,CTestEtelServer,NetworkControl WriteDeviceData
ETest972,65001,CTestEtelServer,NetworkControl WriteDeviceData
ETest973,65002,CTestEtelServer,NetworkControl WriteDeviceData
ETest974,65003,CTestEtelServer,NetworkControl WriteDeviceData
ETest975,65004,CTestEtelServer,NetworkControl WriteDeviceData
ETest976,65501,CTestEtelServer,NetworkControl WriteDeviceData
ETest977,65502,CTestEtelServer,NetworkControl WriteDeviceData
ETest978,65503,CTestEtelServer,NetworkControl WriteDeviceData
ETest979,65504,CTestEtelServer,NetworkControl WriteDeviceData
ETest980,66000,CTestEtelServer,NetworkServices WriteDeviceData
ETest981,66500,CTestEtelServer,NetworkServices WriteDeviceData
ETest982,80000,CTestEtelServer,_None
ETest983,80001,CTestEtelServer,_None
ETest984,80002,CTestEtelServer,_None
ETest985,80003,CTestEtelServer,_None
ETest986,80004,CTestEtelServer,_None
ETest987,80005,CTestEtelServer,_None
ETest988,80006,CTestEtelServer,_None
ETest989,80007,CTestEtelServer,_None
ETest990,80008,CTestEtelServer,_None
ETest991,80009,CTestEtelServer,_None
ETest992,80010,CTestEtelServer,_None
ETest993,80011,CTestEtelServer,_None
ETest994,80012,CTestEtelServer,_None
ETest995,80013,CTestEtelServer,_None
ETest996,80014,CTestEtelServer,_None
ETest997,80015,CTestEtelServer,_None
ETest998,80016,CTestEtelServer,_None
ETest999,80017,CTestEtelServer,_None
ETest1000,80018,CTestEtelServer,_None
ETest1001,80500,CTestEtelServer,_None
ETest1002,80501,CTestEtelServer,_None
ETest1003,80502,CTestEtelServer,_None
ETest1004,80503,CTestEtelServer,_None
ETest1005,80504,CTestEtelServer,_None
ETest1006,80505,CTestEtelServer,_None
ETest1007,80506,CTestEtelServer,_None
ETest1008,80507,CTestEtelServer,_None
ETest1009,80508,CTestEtelServer,_None
ETest1010,80509,CTestEtelServer,_None
ETest1011,80510,CTestEtelServer,_None
ETest1012,80511,CTestEtelServer,_None
ETest1013,80512,CTestEtelServer,_None
ETest1014,80513,CTestEtelServer,_None
ETest1015,80514,CTestEtelServer,_None
ETest1016,80515,CTestEtelServer,_None
ETest1017,80516,CTestEtelServer,_None
ETest1018,80517,CTestEtelServer,_None
ETest1019,80518,CTestEtelServer,_None
ETest1020,81000,CTestEtelServer,NetworkServices
ETest1021,81001,CTestEtelServer,NetworkServices
ETest1022,81500,CTestEtelServer,NetworkServices
ETest1023,81501,CTestEtelServer,NetworkServices
ETest1024,82000,CTestEtelServer,ReadDeviceData
ETest1025,82001,CTestEtelServer,ReadDeviceData
ETest1026,82002,CTestEtelServer,ReadDeviceData
ETest1027,82500,CTestEtelServer,ReadDeviceData
ETest1028,82502,CTestEtelServer,ReadDeviceData
ETest1029,83000,CTestEtelServer,WriteDeviceData
ETest1030,83001,CTestEtelServer,WriteDeviceData
ETest1031,83002,CTestEtelServer,WriteDeviceData
ETest1032,83003,CTestEtelServer,WriteDeviceData
ETest1033,83004,CTestEtelServer,WriteDeviceData
ETest1034,83005,CTestEtelServer,WriteDeviceData
ETest1035,83006,CTestEtelServer,WriteDeviceData
ETest1036,83007,CTestEtelServer,WriteDeviceData
ETest1037,83500,CTestEtelServer,WriteDeviceData
ETest1038,83501,CTestEtelServer,WriteDeviceData
ETest1039,83502,CTestEtelServer,WriteDeviceData
ETest1040,83503,CTestEtelServer,WriteDeviceData
ETest1041,83504,CTestEtelServer,WriteDeviceData
ETest1042,83505,CTestEtelServer,WriteDeviceData
ETest1043,83506,CTestEtelServer,WriteDeviceData
ETest1044,83507,CTestEtelServer,WriteDeviceData
ETest1045,84000,CTestEtelServer,ReadUserData
ETest1046,84500,CTestEtelServer,ReadUserData
ETest1047,85000,CTestEtelServer,NetworkServices NetworkControl
ETest1048,85001,CTestEtelServer,NetworkServices NetworkControl
ETest1049,85500,CTestEtelServer,NetworkServices NetworkControl
ETest1050,85501,CTestEtelServer,NetworkServices NetworkControl
ETest1051,86000,CTestEtelServer,NetworkServices ReadDeviceData WriteDeviceData
ETest1052,86500,CTestEtelServer,NetworkServices ReadDeviceData WriteDeviceData
ETest1053,87000,CTestEtelServer,NetworkServices ReadUserData
ETest1054,87500,CTestEtelServer,NetworkServices ReadUserData
ETest1055,88000,CTestEtelServer,NetworkServices WriteDeviceData
ETest1056,88001,CTestEtelServer,NetworkServices WriteDeviceData
ETest1057,88500,CTestEtelServer,NetworkServices WriteDeviceData
ETest1058,88501,CTestEtelServer,NetworkServices WriteDeviceData
